{
  "eye": {
    "orientation": [
      0.039025675505399704,
      0.03162407875061035,
      0.005928445141762495,
      0.998720109462738
    ],
    "magnitude": 0.5773502588272095,
    "position": [
      12.739762306213379,
      -15.518854141235352,
      198.9895477294922
    ]
  },
  "paths": [],
  "ortho": false,
  "radius": 100,
  "visualHints": 3
}